hscode,description
820110,"Durable garden spade with a comfortable grip, perfect for digging and planting in various soil types."
820110,"Heavy-duty shovel designed for landscaping tasks, featuring a reinforced blade and ergonomic handle for optimal performance."
820110,"Compact and lightweight hand spade, ideal for small gardening projects and transplanting delicate seedlings with ease."
720851,"High-quality hot-rolled flat steel sheets, exceeding 10mm thickness, ideal for heavy machinery and construction applications, available in widths over 600mm."
720851,"Durable flat-rolled iron plates, hot-rolled and non-alloy, designed for structural support, with a minimum width of 600mm and thickness over 10mm."
720851,"Premium flat steel products, hot-rolled for strength, with a thickness greater than 10mm and widths starting at 600mm, perfect for industrial use."
20753,"Premium fresh goose foie gras, perfect for gourmet dishes and fine dining experiences, available in 200g vacuum-sealed packages."
20753,"Chilled fatty liver from geese, expertly sourced and ideal for pâtés and spreads, offered in 500g portions."
20753,"Fresh geese offal, rich and flavorful, suitable for culinary professionals looking to elevate their menu offerings, sold by the kilogram."
843131,"Heavy-duty industrial elevator systems designed for efficient vertical transport in warehouses and construction sites, complete with essential components for installation."
843131,"Advanced escalator units suitable for commercial buildings, featuring energy-efficient motors and customizable design options for modern architecture."
843131,"Versatile skip hoists ideal for construction projects, offering robust lifting capabilities with durable parts for reliable performance in demanding environments."
540823,"Premium quality woven fabric featuring vibrant colors, ideal for fashion apparel and home décor projects. Available by the meter."
540823,"Versatile artificial filament textile, boasting over 85% synthetic content, perfect for crafting stylish clothing and accessories in various shades."
540823,"Colorful, durable woven fabric composed primarily of artificial filaments, suitable for upholstery and custom garment manufacturing. Sold in bulk rolls."
551312,"Lightweight twill fabric blend, featuring soft polyester and cotton, ideal for casual apparel and home textiles, available in natural and dyed options."
551312,"Durable 3/4-thread twill, made from a polyester-cotton mix, perfect for crafting stylish garments and upholstery, weighing under 170g/m²."
551312,"Unbleached and bleached twill fabrics, combining polyester and cotton, suitable for versatile fashion applications, offered in various colors and patterns."
391723,"High-quality rigid PVC pipes, perfect for plumbing and drainage applications, available in various diameters and lengths."
391723,"Durable vinyl chloride hoses designed for industrial use, offering excellent resistance to chemicals and temperature fluctuations."
391723,"Sturdy plastic tubing made from rigid PVC, ideal for construction projects and water supply systems, sold in bulk quantities."
950824,"Exciting family-friendly amusement ride featuring dynamic motion effects, perfect for theme parks and entertainment centers. Ideal for thrilling experiences."
950824,"State-of-the-art water park attraction with immersive simulation technology, designed to enhance guest enjoyment and drive visitor engagement."
950824,"High-capacity motion simulator designed for commercial use, providing an exhilarating cinematic experience for audiences in amusement parks and entertainment venues."
690721,"High-quality ceramic wall tiles with a low water absorption rate, perfect for stylish indoor and outdoor spaces."
690721,"Durable ceramic paving tiles designed for heavy foot traffic areas, featuring a sleek finish and excellent moisture resistance."
690721,"Elegant ceramic flags suitable for patios and walkways, offering both aesthetic appeal and superior water resistance."
847321,"High-performance electronic calculating machine components, ideal for enhancing productivity in business environments and academic institutions."
847321,"Precision parts for advanced electronic calculators, designed for seamless integration and optimal functionality in financial calculations."
847321,"Durable accessories for electronic calculating devices, perfect for ensuring reliability and efficiency in professional settings and educational use."
551299,"High-quality synthetic staple fiber fabric, perfect for sportswear and outdoor apparel, available in rolls of 50 meters."
551299,"Durable woven material made from 85% synthetic fibers, ideal for upholstery and home textiles, offered in vibrant colors."
551299,"Versatile synthetic fiber fabric, suitable for fashion and industrial applications, with excellent strength and stability, sold by the yard."
401213,"High-performance retreaded aircraft tyres designed for enhanced durability and safety, suitable for various commercial aviation models."
401213,"Economical retreaded aviation tyres, offering reliable performance and extended lifespan for regional and charter aircraft operations."
401213,"Quality-assured retreaded tyres for aircraft, ensuring optimal traction and efficiency for both small and large fleet operations."
510990,"Luxurious blended yarn suitable for knitting and crocheting, featuring a soft texture and vibrant colors, perfect for cozy winter garments."
510990,"High-quality retail yarn made from a fine animal hair blend, ideal for crafting elegant scarves and sweaters with a lightweight feel."
510990,"Versatile wool blend yarn, available in assorted shades, designed for both beginners and experienced crafters looking to create unique handmade items."
681410,"High-quality reconstituted mica sheets, ideal for insulation and decorative applications, available in various sizes and thicknesses."
681410,"Durable agglomerated mica plates, perfect for electrical insulation and thermal applications, offered in bulk quantities for industrial use."
681410,"Versatile strips of reconstituted mica, suitable for crafting and construction, featuring a smooth finish and easy-to-handle dimensions."
360610,"Premium butane lighter fuel in a compact 250ml canister, perfect for refilling lighters and portable stoves."
360610,"High-quality liquid gas for lighters, packaged in a convenient 300ml bottle, ideal for outdoor enthusiasts and everyday use."
360610,"Reliable lighter refueling solution, this 200ml can of liquid fuel ensures consistent performance and ease of use for all types of lighters."
551611,"Premium unbleached woven fabric, ideal for upholstery and garment manufacturing, composed of 85% or more artificial staple fibers."
551611,"Versatile bleached fabric suitable for fashion and home decor, featuring a high content of artificial staple fibers for durability and softness."
551611,"High-quality woven textiles, available in bulk, made with over 85% artificial staple fibers, perfect for diverse industrial applications."
850163,"High-performance AC alternators with a power output range of 375kVA to 750kVA, ideal for industrial applications and heavy machinery."
850163,"Reliable electric generators designed for demanding environments, providing robust output between 375kVA and 750kVA for commercial use."
850163,"Efficient alternators exceeding 375kVA, perfect for large-scale operations, ensuring steady power supply for various industrial needs."
901510,"High-precision laser distance meter, ideal for construction and surveying projects, measuring up to 200 meters with easy-to-read display."
901510,"Compact digital rangefinder for outdoor enthusiasts, featuring a lightweight design and accurate distance measurements up to 600 yards."
901510,"Professional-grade optical rangefinder equipped with advanced tracking technology, perfect for hunting and outdoor sports, providing reliable distance readings."
220421,"Elegant red wine blend in a 750ml bottle, perfect for intimate dinners or casual gatherings with friends."
220421,"Crisp and refreshing white wine, housed in a convenient 1-litre container, ideal for picnics and outdoor celebrations."
220421,"Premium rosé wine packaged in a 500ml bottle, offering a delightful taste experience for summer parties and celebrations."
521223,"High-quality, heavy-duty cotton fabric, dyed in vibrant colors, perfect for upholstery and fashion applications, sold by the roll."
521223,"Premium dyed cotton textiles, weighing over 200g/m2, ideal for durable clothing and home décor projects, available in assorted patterns."
521223,"Robust, woven cotton fabric with rich hues, suitable for crafting and industrial uses, offered in bulk quantities for large-scale production."
901841,"High-performance dental drill engine designed for precision procedures, compatible with various dental instruments for enhanced patient care."
901841,"Versatile dental equipment set featuring a powerful drill engine, ideal for both routine and complex dental treatments in clinical settings."
901841,"Compact dental drill unit with integrated features, perfect for efficient operation in busy dental practices, ensuring optimal performance and reliability."
680293,"High-quality granite sculptures, uniquely crafted for outdoor landscaping and decorative purposes, available in various sizes and finishes."
680293,"Premium granite tiles, ideal for luxurious flooring and wall applications, featuring intricate designs and a polished surface for elegance."
680293,"Durable granite countertops, perfect for kitchen renovations, offered in custom dimensions and a variety of natural color options."
291631,"High-purity benzoic acid, ideal for food preservation and industrial applications, available in 25kg bags."
291631,"Premium-grade aromatic monocarboxylic acid, suitable for cosmetic formulations, offered in 1-ton bulk containers."
291631,"Benzoate salts and esters, versatile for chemical manufacturing, supplied in 200-liter drums for easy handling."
20752,"Premium frozen whole geese, expertly processed to retain freshness, ideal for gourmet restaurants and festive occasions."
20752,"High-quality, frozen goose meat, whole and uncut, perfect for traditional dishes and culinary enthusiasts."
20752,"Farm-fresh frozen goose, not portioned, offering rich flavor for roasts and special gatherings, available in bulk."
482110,"High-quality adhesive labels designed for retail packaging, featuring vibrant colors and customizable options for branding and promotional use."
482110,"Durable, waterproof product labels ideal for outdoor use, perfect for jars, bottles, and containers with a professional finish."
482110,"Eco-friendly printed labels made from recycled paper, suitable for organic products and crafted to enhance your product's visual appeal."
847521,Advanced glass manufacturing machines designed for precision hot working and optimal production of optical fibers and preforms.
847521,"High-performance equipment for glass fabrication, ideal for creating high-quality optical fibers and specialized glassware."
847521,"Industrial-grade machines for efficient hot processing of glass, perfect for producing optical fiber components and glass preforms."
852581,"High-definition digital video camera recorder, perfect for capturing fast-paced sports and events with exceptional clarity and detail."
852581,"Compact and lightweight professional camcorder designed for high-speed filming, ideal for documentary filmmakers and content creators."
852581,"Advanced 4K television camera with high-speed capabilities, suitable for broadcast production and live streaming applications."
750400,"Fine-grade nickel powder, ideal for high-performance batteries and coating applications, available in 25 kg bags for industrial use."
750400,"High-purity nickel flakes, perfect for electronics and alloy production, offered in bulk quantities for manufacturing efficiency."
750400,"Ultra-fine nickel powder, designed for advanced 3D printing and sintering processes, conveniently packaged in 10 kg containers."
292113,"High-purity 2-(N,N-Diethylamino)ethylchloride hydrochloride, ideal for pharmaceutical applications and chemical synthesis, available in 25 kg drums."
292113,"Acyclic monoamine compound, 2-(N,N-Diethylamino)ethylchloride HCl, suitable for research and development, supplied in 100 g vials."
292113,"Premium-grade 2-(N,N-Diethylamino)ethylchloride hydrochloride, perfect for industrial use, offered in bulk quantities for chemical manufacturers."
290243,"High-purity p-xylene for industrial applications, available in 200-liter drums, ideal for producing plastics and synthetic fibers."
290243,"Premium-grade cyclic hydrocarbons, specifically p-xylene, supplied in bulk quantities for petrochemical manufacturing and research purposes."
290243,"Solvent-grade p-xylene, 99% purity, packaged in 1,000-liter IBCs, perfect for use in chemical synthesis and formulation processes."
271121,"High-quality natural gas for industrial use, delivered in bulk quantities, ideal for energy production and manufacturing processes."
271121,"Premium methane gas sourced from sustainable fields, perfect for residential heating and cooking applications, available in various tank sizes."
271121,"Clean-burning natural gas for commercial applications, ensuring efficient energy solutions with low environmental impact; supplied in compressed form."
940591,"Elegant glass pendant lights, perfect for modern dining spaces, featuring intricate designs and energy-efficient bulbs included."
940591,"Set of four decorative glass lamp shades, suitable for table lamps, enhancing ambiance with their unique, handcrafted patterns."
940591,"Contemporary glass wall sconces, ideal for living rooms or hallways, offering soft illumination and a stylish touch to any decor."
841011,"Compact hydraulic turbine suitable for renewable energy projects, delivering efficient power generation up to 1000 kW in small-scale applications."
841011,"High-performance water wheel designed for irrigation systems, providing reliable energy output under 1000 kW for sustainable farming practices."
841011,"Versatile hydraulic turbine for micro-hydropower installations, capable of producing up to 1000 kW, perfect for remote energy solutions."
846596,"Precision wood slicing machine designed for professional carpenters, ensuring clean cuts on hardwood and softwood materials."
846596,"Heavy-duty splitting and paring machine ideal for crafting intricate designs in cork and hard plastics, perfect for artisans."
846596,"Advanced multi-functional tool for processing bone and rubber, featuring adjustable settings for various thicknesses and materials."
560229,"High-quality non-wool felt sheets, perfect for crafting, upholstery, and various DIY projects; available in assorted colors and thicknesses."
560229,"Durable, eco-friendly textile felt rolls, ideal for home decor, art projects, and industrial applications; 100% recyclable and versatile."
560229,"Soft, lightweight felt fabric, designed for sewing and creative uses; sold by the meter in vibrant shades for all your crafting needs."
732399,"Set of 4 stainless steel kitchen utensils, perfect for cooking and serving, featuring ergonomic handles for comfort and durability."
732399,"High-quality iron frying pan, 28 cm, ideal for home chefs seeking even heat distribution and a non-stick cooking surface."
732399,"Elegant steel cutlery set, includes 24 pieces for dining, crafted for strength and a modern aesthetic for any table setting."
81350,"Premium mixed nuts blend featuring almonds, cashews, and walnuts, perfect for snacking or adding to gourmet recipes."
81350,"Assorted dried fruits and nuts pack, ideal for healthy snacks, trail mixes, or as a nutritious addition to breakfast."
81350,"Organic nut and dried fruit medley, packed in a resealable bag for freshness; great for on-the-go energy boosts."
293623,"High-quality riboflavin powder, perfect for dietary supplements and food fortification, available in 500g resealable bags."
293623,"Pure vitamin B2 capsules, designed for enhanced energy metabolism, sold in bottles of 120 for daily use."
293623,"Unmixed riboflavin, ideal for pharmaceutical applications and nutritional formulations, offered in bulk quantities of 25 kg."
320290,"High-quality inorganic tanning agents for leather production, ideal for enhancing durability and flexibility in various applications."
320290,"Premium enzymatic pre-tanning preparations designed to improve leather processing efficiency and quality, available in 25 kg bags."
320290,"Versatile tanning solutions containing natural extracts, suitable for both industrial and artisanal leather crafting, ensuring superior finish and longevity."
843340,"Heavy-duty straw baler designed for efficient hay collection, featuring advanced pickup technology for maximum productivity in large fields."
843340,"Compact and versatile fodder baler, ideal for small to medium farms, ensuring quick and easy baling of various crops."
843340,"High-performance round baler with adjustable density settings, perfect for creating uniform bales of hay or straw for livestock feed."
570242,"Luxurious woven carpets made from high-quality synthetic fibers, ideal for enhancing living spaces with comfort and style."
570242,"Durable pile construction floor coverings, perfect for high-traffic areas, offering both elegance and practicality in modern interiors."
570242,"Stylish, man-made textile rugs designed for residential and commercial use, providing a soft touch and vibrant colors to any room."
853223,"High-performance single-layer ceramic capacitors, ideal for electronic circuit applications, available in bulk quantities for manufacturers."
853223,"Durable fixed ceramic dielectric capacitors designed for efficient energy storage in various electronic devices, pack of 100 pieces."
853223,"Reliable single-layer ceramic capacitors with excellent stability, perfect for use in consumer electronics and industrial applications."
292229,"High-purity 1-amino-2-naphthol, ideal for dye manufacturing and chemical synthesis, available in 500g and 1kg packages."
292229,"Specialty grade amino-phenol compound, suitable for pharmaceuticals and research applications, offered in bulk quantities for industrial use."
292229,"Premium quality amino-naphthol derivatives, perfect for textile dyeing and colorant production, supplied in 25kg drums for efficient handling."
292330,"High-purity quaternary ammonium compounds, ideal for industrial cleaning applications, available in 500g and 1kg packages."
292330,"Specialty tetraethylammonium perfluorooctane sulphonate for advanced surfactant formulations, supplied in bulk quantities for manufacturing."
292330,"Versatile quaternary ammonium salts, suitable for use in personal care products and disinfectants, offered in 25kg drums."
845290,"High-performance industrial sewing machine with a sturdy base, ideal for heavy-duty fabric applications in garment manufacturing."
845290,"Complete set of durable sewing machine components, including stylish covers and ergonomic bases, perfect for home crafters and professionals."
845290,"Versatile sewing machine attachments and replacement parts designed for seamless operation, enhancing efficiency in tailoring and upholstery projects."
842381,"Compact industrial scales for precise measurements, suitable for warehouses and laboratories, with a maximum capacity of 30kg."
842381,"Durable digital weighing machines designed for commercial use, featuring a 30kg limit, ideal for shipping and inventory management."
842381,"High-accuracy platform scales, perfect for food service and retail environments, offering reliable weight readings up to 30kg."
730419,"High-quality seamless line pipes designed for reliable oil and gas transportation, available in various diameters and lengths."
730419,"Durable and lightweight iron pipes ideal for energy sector applications, ensuring efficient flow in oil and gas pipelines."
730419,"Seamless steel tubing, precision-engineered for superior performance in high-pressure oil and gas transmission systems."
180632,"Indulge in our premium dark chocolate bars, crafted with rich cocoa and perfect for snacking or baking, each weighing 200g."
180632,"Delight in our assorted chocolate slabs, made with high-quality cocoa, ideal for gifts or personal enjoyment, available in 1kg and 500g sizes."
180632,"Savor the smooth taste of our milk chocolate blocks, expertly made with pure cocoa, perfect for desserts or a quick treat, each 150g."
70529,"Freshly harvested chicory varieties, ideal for salads and gourmet dishes, packed in 10 kg cartons for easy transportation."
70529,"Crisp and vibrant chicory greens, perfect for enhancing flavors in recipes, available in bulk quantities for restaurants and catering."
70529,"Quality fresh chicory, rich in flavor and nutrients, supplied in 5 kg bags, suitable for both retail and wholesale markets."
860730,"High-performance electric locomotive featuring advanced coupling systems, designed for efficient rail transport and robust durability in challenging environments."
860730,"Premium quality railway rolling stock components, including durable buffers and coupling devices, ideal for enhancing locomotive performance and safety."
860730,"Complete set of railway coupling parts with precision engineering, suitable for both new builds and maintenance of existing tramway systems."
300439,"Hormonal therapy capsules for managing menopause symptoms, packaged in a convenient 30-count blister pack for easy retail sale."
300439,"Antibiotic ointment with adrenal cortex extract, ideal for wound care and infection prevention, available in 50g tubes for consumer use."
300439,"Hormone replacement therapy tablets, designed for women’s health, presented in a retail-friendly bottle containing 60 easy-to-swallow pills."
843031,"Powerful self-propelled tunnelling machine designed for efficient coal extraction in underground mining operations, featuring advanced cutting technology."
843031,"Compact rock cutter equipped with robust self-propulsion, ideal for excavation projects in challenging terrains, ensuring optimal performance and durability."
843031,"Heavy-duty coal and rock cutting equipment, self-driven for enhanced mobility, perfect for large-scale mining and construction tasks on rugged sites."
880624,"High-performance remote-controlled drone, ideal for aerial surveying and monitoring, with a maximum take-off weight of 100kg."
880624,"Advanced unmanned aerial vehicle designed for precision agriculture, featuring a robust build and capable of carrying up to 150kg."
880624,"Versatile remote-operated aircraft for industrial inspections, weighing between 25kg and 150kg, suitable for various commercial applications."
630260,"Soft and absorbent cotton terry kitchen towels, perfect for everyday cooking and cleaning tasks. Pack of 10 for maximum convenience."
630260,"Luxurious cotton terry bath linens, ideal for enhancing your bathroom experience. Set includes two bath towels and two hand towels."
630260,"Versatile cotton terry cloths designed for kitchen and bathroom use, featuring vibrant colors and excellent absorbency. Ideal for both home and commercial settings."
293959,"High-purity theophylline powder for pharmaceutical applications, suitable for respiratory treatments in bulk packaging of 25 kg bags."
293959,"Aminophylline injection solution, 250 mg/5 mL, designed for clinical use in asthma and COPD management."
293959,"Theophylline anhydrous granules, ideal for formulation in dietary supplements, available in 1 kg containers for easy handling."
840790,"High-performance rotary internal combustion engines, ideal for industrial machinery and automotive applications, delivering reliability and efficiency in diverse settings."
840790,"Robust piston engines designed for commercial equipment, providing exceptional power output for generators and construction machinery."
840790,"Versatile rotary engines suitable for various applications, including agricultural machinery and heavy-duty vehicles, ensuring optimal performance and durability."
520821,"Lightweight bleached cotton fabric, perfect for summer apparel, with a soft touch and excellent breathability, weighing under 100g/m2."
520821,"Premium quality plain weave cotton textile, ideal for crafting delicate garments, featuring a high cotton content and a clean, bleached finish."
520821,"Versatile and airy bleached cotton fabric, suitable for dresses and linings, ensuring comfort with a weight of less than 100g/m2."
441819,"Elegant double-glazed wooden French windows, perfect for enhancing natural light in residential spaces; includes durable frames for long-lasting use."
441819,Premium quality wood windows with stylish French design; ideal for modern homes seeking a blend of aesthetics and functionality.
441819,"Set of four classic wooden French windows, crafted for durability and charm; suitable for both new constructions and renovations."
870530,"High-performance fire truck equipped with advanced water pump system, ideal for urban and rural firefighting operations."
870530,Robust firefighting vehicle featuring a spacious water tank and state-of-the-art emergency response equipment for efficient fire control.
870530,"Compact fire rescue vehicle designed for quick maneuverability in tight spaces, perfect for industrial and municipal firefighting needs."
450490,"Eco-friendly agglomerated cork tiles, perfect for sustainable flooring solutions, available in 1 square meter packs."
450490,"Versatile cork coasters made from compressed cork material, ideal for home and office use, set of 12."
450490,"High-density agglomerated cork sheets, suitable for crafting and insulation, sold in 1.2m x 1.2m sizes."
30354,"Premium frozen mackerel, sustainably sourced, perfect for grilling or frying, available in 1 kg vacuum-sealed packages."
30354,"High-quality frozen whole mackerel, ideal for seafood dishes, packed fresh and frozen to preserve flavor and nutrients."
30354,"Wild-caught frozen mackerel, rich in omega-3 fatty acids, sold in bulk quantities for restaurants and fish markets."
961390,"High-quality refillable butane lighters, perfect for outdoor enthusiasts and everyday use; includes a durable body and adjustable flame settings."
961390,"Premium electronic lighters with a sleek design, ideal for lighting candles or cigarettes; features a child-resistant mechanism and USB rechargeable capability."
961390,"Assorted lighter parts, including ignition mechanisms and fuel tanks, compatible with various lighter models; essential for repairs and maintenance in retail settings."
390890,"High-quality polyamide granules, ideal for injection molding and extrusion applications, available in 25 kg bags."
390890,"Versatile engineering-grade polyamides in bulk, perfect for automotive and industrial parts manufacturing."
390890,"Premium polyamide powders, suitable for textile and fiber production, offered in various grades and quantities."
30483,"Premium frozen fillets of flat fish, expertly processed for optimal freshness, perfect for gourmet dishes or everyday meals."
30483,"High-quality frozen flat fish fillets, ideal for grilling or baking, delivering rich flavor and flaky texture in every serving."
30483,"Wild-caught and frozen flat fish fillets, sustainably sourced, perfect for restaurants or home chefs seeking delicious seafood options."
848390,"High-quality chain sprockets for industrial machinery, designed for durability and precision in power transmission applications."
848390,"Precision-engineered toothed wheels, ideal for automotive and mechanical systems, available in various sizes for versatile use."
848390,"Durable transmission components, including separate parts for enhanced performance in heavy-duty equipment and machinery."
30119,"A vibrant selection of exotic marine fish, perfect for aquariums and decorative displays, available in assorted sizes and colors."
30119,"High-quality ornamental fish species, ideal for saltwater tanks; includes stunning varieties to enhance any aquatic environment."
30119,"Live tropical fish for ornamental purposes, offering unique patterns and colors; suitable for both hobbyists and professional aquarists."
960720,"High-quality nylon zipper sliders, ideal for clothing and bags, available in assorted colors and sizes, pack of 100 pieces."
960720,"Durable metal zipper pullers, perfect for jackets and outdoor gear, providing reliable functionality and style, sold in bulk."
960720,"Premium plastic zipper components, designed for seamless application in various textile projects, offered in convenient mixed packs."
10613,"Live camels for agricultural use, ideal for transportation and as pack animals in arid regions, available in various ages and sizes."
10613,"Healthy, live llamas sourced from sustainable farms, perfect for eco-tourism ventures or as unique livestock for small farms."
10613,"Quality live alpacas, raised for fiber production and companionship, available in breeding pairs or individual animals for hobbyist farms."
902150,"Advanced cardiac device designed to regulate heartbeats, enhancing patient quality of life and ensuring optimal heart function."
902150,"High-performance heart stimulator, ideal for patients with arrhythmias; includes programmable settings for tailored therapy."
902150,"Durable and reliable pacemaker for effective cardiac rhythm management, suitable for long-term implantation in diverse patient populations."
290891,"High-purity dinoseb for agricultural applications, effective in pest control, available in 25 kg bags for easy handling."
290891,"Sulphonated phenol derivatives, ideal for industrial use, supplied in bulk quantities to meet diverse manufacturing needs."
290891,"Nitrated phenolic compounds, suitable for chemical synthesis, offered in 1-liter containers for laboratory research and development."
90220,"Premium loose leaf green tea, packed in 5kg resealable bags, perfect for tea enthusiasts and commercial use."
90220,"Organic green tea leaves, non-fermented, offered in bulk 3kg packages for cafes and specialty stores."
90220,"High-quality green tea, carefully sourced, available in 10kg cartons for restaurants and health-focused retailers."
170240,"Premium glucose syrup with 30% fructose, ideal for confectionery and baking applications without any artificial additives."
170240,"Versatile glucose and fructose syrup, perfect for sweetening beverages and desserts, containing 40% fructose in a pure, natural form."
170240,"High-quality glucose syrup, enriched with 25% fructose, designed for food manufacturers seeking a clean-label sweetening solution."
293294,"High-purity safrole for fragrance and flavor applications, available in 1kg and 5kg packaging options."
293294,"Premium quality heterocyclic compound, ideal for use in cosmetics and perfumery; supplied in bulk quantities."
293294,"Safrole derived from natural sources, suitable for research and development in organic synthesis, offered in 100g and 500g containers."
291811,"High-purity lactic acid for food and beverage applications, available in 1-liter and 25-liter containers."
291811,"Premium-grade carboxylic acid derivatives, ideal for cosmetics and personal care formulations, supplied in bulk quantities."
291811,"Versatile lactic acid salts, perfect for use in pharmaceuticals and dietary supplements, offered in 500g and 1kg packages."
880610,"Advanced passenger drone designed for urban transport, featuring state-of-the-art navigation systems and comfortable seating for four individuals."
880610,"High-performance aerial vehicle for passenger transport, equipped with cutting-edge safety features and capable of autonomous flight operations."
880610,"Next-gen personal air vehicle ideal for short-distance travel, offering a spacious cabin and user-friendly controls for a seamless flying experience."
820600,"Complete hand tool set featuring 10 essential pieces, perfect for DIY enthusiasts and professional tradespeople alike."
820600,"Versatile tool kit with a selection of wrenches, pliers, and screwdrivers, ideal for home repairs and maintenance tasks."
820600,"Premium quality hand tool assortment, including hammers, chisels, and saws, designed for both hobbyists and construction professionals."
520919,"Premium unbleached cotton fabric, weighing over 200g/m², perfect for high-quality apparel and home textiles."
520919,"Durable woven cotton textile, ideal for upholstery projects, featuring a rich, natural finish and robust weight."
520919,"Soft, unbleached cotton fabric, over 200g/m², suitable for crafting and fashion designs, offering exceptional comfort and breathability."
846310,"High-precision draw-bench for efficient shaping of metal bars and tubes, ideal for industrial manufacturing applications."
846310,"Versatile machine tool designed for metalworking, perfect for crafting intricate profiles and wire components with ease."
846310,"Robust sintered metal carbide processing equipment, suitable for high-volume production of durable metal products without material removal."
240290,"Premium cigarillos crafted with a unique blend of tobacco substitutes, ideal for a smooth, flavorful smoking experience."
240290,"Hand-rolled cheroots featuring rich, aromatic tobacco alternatives, perfect for casual gatherings or special occasions."
240290,"Assorted flavored cigars with tobacco substitutes, offering a delightful option for both seasoned smokers and newcomers alike."
382492,"High-purity polyglycol esters for industrial applications, enhancing chemical stability in various formulations, available in 25 kg drums."
382492,"Versatile methylphosphonic acid derivatives, ideal for use in agrochemical formulations and surface treatments, supplied in bulk containers."
382492,"Premium-grade chemical mixtures featuring polyglycol esters, designed for specialized applications in pharmaceuticals and cosmetics, packaged in 1-liter bottles."
160419,"Premium quality smoked mackerel fillets, packed in oil, perfect for gourmet salads or as a savory snack."
160419,"Gourmet whole sardines in a rich tomato sauce, ideal for pasta dishes or Mediterranean-inspired meals."
160419,"Marinated herring pieces in a tangy vinegar brine, ready to serve as an appetizer or on a traditional rye bread."
290543,"High-purity mannitol, ideal for pharmaceutical applications and food sweeteners, available in 25 kg bags for bulk distribution."
290543,"Premium-grade polyol mannitol, a versatile ingredient for confectionery and dietary products, supplied in 1-ton totes."
290543,"Pharmaceutical-grade mannitol, commonly used as a sweetener and excipient, offered in 50 kg drums for industrial use."
160555,"Tender octopus slices, marinated in a savory blend of spices, perfect for gourmet pasta dishes or as a standalone appetizer."
160555,"Ready-to-eat octopus in olive oil, ideal for salads, sandwiches, or Mediterranean-style platters, packed in convenient 200g jars."
160555,"Premium preserved octopus tentacles, expertly cooked and seasoned, great for creating authentic seafood stews or enhancing your favorite recipes."
481910,"Durable corrugated cardboard boxes, perfect for shipping and storage, available in various sizes and strengths for all your packaging needs."
481910,"Eco-friendly corrugated cartons designed for safe transport and stacking, ideal for retail products and bulk shipments, offered in custom sizes."
481910,"Sturdy paperboard cases with reinforced corners, suitable for fragile items, ensuring protection during transit and easy assembly for convenience."
130220,"High-purity pectin powder, ideal for food and beverage applications, available in 25 kg bags for optimal processing."
130220,"Natural gelling agent derived from citrus peels, perfect for jams and jellies, offered in bulk containers of 500 kg."
130220,"Food-grade pectic substances, enhancing texture in dairy and confectionery products, supplied in 10 kg resealable pouches."
970199,"Unique handcrafted sculptures made from mixed media, perfect for enhancing home decor or gallery exhibitions, aged under 100 years."
970199,"Exquisite handmade ceramic art pieces, ideal for collectors and interior designers looking to elevate their space with original works."
970199,"Limited edition artisan-crafted wall hangings, showcasing intricate designs, perfect for adding a touch of elegance to any room."
251720,"High-quality macadam sourced from industrial byproducts, ideal for construction and landscaping applications, available in bulk quantities."
251720,"Recycled slag macadam, perfect for road base and fill applications, offering excellent durability and environmental benefits."
251720,"Industrial-grade dross macadam, suitable for various construction projects, supplied in 1-ton bags for convenient handling."
293332,"High-purity piperidine, ideal for pharmaceutical synthesis and chemical research, available in 25kg drums for convenient handling."
293332,"Premium heterocyclic compound with an unfused pyridine ring, perfect for advanced material applications, offered in bulk quantities."
293332,"Piperidine hydrochloride, a versatile building block for organic synthesis, supplied in 100g and 500g packages for laboratory use."
853110,"Advanced wireless security alarm system featuring motion detection and smartphone alerts, ideal for residential and commercial properties."
853110,"High-performance visual and audible alert device designed for fire safety, ensuring rapid response in emergency situations."
853110,"Compact and reliable burglar alarm with integrated siren and remote monitoring capabilities, perfect for enhancing home security."
500400,"Luxurious silk yarn, ideal for high-end textile production, available in 1000-meter spools for designers and manufacturers."
500400,"Premium quality silk yarn for weaving and knitting, sold in bulk rolls, perfect for artisanal crafts and fashion applications."
500400,"Soft and durable silk yarn, not retail packaged, suitable for professional seamstresses and bespoke clothing production."
350790,"High-performance protease enzyme blend for industrial applications, packaged in 25 kg bags, ideal for food processing and detergent formulations."
350790,"Specialized amylase enzyme solution, 1-liter bottles, designed for optimizing starch conversion in brewing and baking industries."
350790,"Premium cellulase enzyme powder in 500 g containers, perfect for enhancing fiber breakdown in textile and paper production processes."
520849,"Lightweight cotton blend fabric featuring vibrant multicolored yarns, ideal for summer apparel and accessories, weighing under 200g/m2."
520849,"Versatile woven cotton textiles with a colorful pattern, perfect for crafting, home decor, or fashion garments, weighing less than 200 grams per square meter."
520849,"Soft and breathable cotton fabric with unique color combinations, suitable for lightweight clothing and stylish upholstery, crafted to weigh no more than 200g/m2."
843010,"Heavy-duty hydraulic pile driver, ideal for construction sites, capable of driving and extracting piles with precision and efficiency."
843010,"Compact electric pile extractor designed for easy transport, perfect for urban projects requiring quick and reliable pile removal."
843010,"Versatile pneumatic pile driver, suitable for both commercial and residential applications, ensuring robust foundation installations in various soil conditions."
850720,"High-performance lead-acid batteries for renewable energy systems, featuring durable separators and optimized for deep cycle applications."
850720,"Reliable lead-acid accumulators designed for industrial use, offering exceptional longevity and efficiency in energy storage solutions."
850720,"Versatile rectangular lead-acid batteries suitable for telecommunications and UPS systems, ensuring consistent power supply and enhanced reliability."
920120,"Exquisite grand piano featuring a rich mahogany finish, ideal for concert halls and professional musicians seeking superior sound quality."
920120,"Elegant 7-foot grand piano with a polished ebony exterior, perfect for both performance and home entertainment."
920120,"Premium grand piano designed for serious pianists, offering exceptional resonance and craftsmanship, available in multiple finishes."
71232,"Dried wood ear mushrooms, whole and sliced, perfect for soups, stir-fries, and gourmet dishes. Packaged in 500g bags for convenient use."
71232,"Premium quality dried Auricularia mushrooms, available in cut and powder forms. Ideal for enhancing flavors in Asian cuisine."
71232,"Whole and broken wood ear mushrooms, naturally dried. A versatile ingredient for culinary applications, sold in 1kg bulk packs."
200961,"Refreshing grape juice with a natural sweetness, perfect for beverages or culinary uses, available in 1-liter cartons."
200961,"Premium unfermented grape juice, not exceeding 30 Brix, ideal for smoothies or as a mixer, packaged in eco-friendly bottles."
200961,"Pure grape juice, free from added spirits, offering a rich flavor profile; great for kids and adults alike, supplied in bulk containers."
480630,"High-quality tracing paper rolls, ideal for architectural drafts and artistic projects, available in 50-meter lengths for precision work."
480630,"Premium tracing sheets, 100 gsm, perfect for detailed sketching and design work, packaged in convenient 100-sheet reams."
480630,"Lightweight tracing paper, suitable for overlay techniques in drafting, available in both A4 sheets and rolls for versatile use."
852412,"High-definition OLED display panels ideal for premium smartphones and tablets, offering vibrant colors and exceptional clarity without integrated drivers."
852412,"Versatile flat panel OLED modules designed for seamless integration into various electronic devices, ensuring superior image quality and responsiveness."
852412,"State-of-the-art organic light-emitting diode screens, perfect for high-end consumer electronics, available in bulk for manufacturers seeking quality displays."
291229,"High-purity cyclic aldehydes for industrial applications, ideal for chemical synthesis and formulation processes. Available in bulk quantities."
291229,"Premium-grade cyclic aldehydes, perfect for use in fragrances and flavoring agents. Offered in 100 kg drums for commercial use."
291229,"Specialty cyclic aldehydes, suitable for research and development in organic chemistry. Packaged in 1-liter bottles for easy handling."
